{"cameraMode":{"drawMode":0,"name":"Shaded","section":"Shading Mode"},"sceneLighting":false,"audioPlay":false,"sceneViewState":{"m_AlwaysRefresh":false,"showFog":true,"showSkybox":false,"showFlares":true,"showImageEffects":true,"showParticleSystems":true,"showVisualEffectGraphs":true,"m_FxEnabled":true},"in2DMode":false,"pivot":{"x":-0.26000022888183596,"y":9.869999885559082,"z":-14.813886642456055},"rotation":{"x":-0.22176235914230348,"y":0.18846479058265687,"z":-0.04372429475188255,"w":-0.9557240009307861},"size":13.865641593933106,"orthographic":false}