{"cameraMode":{"drawMode":0,"name":"Shaded","section":"Shading Mode"},"sceneLighting":true,"audioPlay":false,"sceneViewState":{"m_AlwaysRefresh":false,"showFog":true,"showSkybox":true,"showFlares":true,"showImageEffects":true,"showParticleSystems":true,"showVisualEffectGraphs":true,"m_FxEnabled":true},"in2DMode":false,"pivot":{"x":3.394876480102539,"y":-1.2448062896728516,"z":2.9111175537109377},"rotation":{"x":0.4572398066520691,"y":-0.5291756987571716,"z":0.41744887828826907,"w":0.5805302858352661},"size":19.759231567382814,"orthographic":false}