{"cameraMode":{"drawMode":0,"name":"Shaded","section":"Shading Mode"},"sceneLighting":true,"audioPlay":false,"sceneViewState":{"m_AlwaysRefresh":false,"showFog":true,"showSkybox":true,"showFlares":true,"showImageEffects":true,"showParticleSystems":true,"showVisualEffectGraphs":true,"m_FxEnabled":true},"in2DMode":false,"pivot":{"x":1.9461809396743775,"y":-1.4166444540023804,"z":-10.448116302490235},"rotation":{"x":-0.04607719928026199,"y":0.9250482320785523,"z":-0.35772964358329775,"w":-0.1191520243883133},"size":2.6346921920776369,"orthographic":false}