{"cameraMode":{"drawMode":0,"name":"Shaded","section":"Shading Mode"},"sceneLighting":true,"audioPlay":false,"sceneViewState":{"m_AlwaysRefresh":false,"showFog":true,"showSkybox":true,"showFlares":true,"showImageEffects":true,"showParticleSystems":true,"showVisualEffectGraphs":true,"m_FxEnabled":true},"in2DMode":false,"pivot":{"x":-6.915325164794922,"y":-37.56015396118164,"z":-34.445960998535159},"rotation":{"x":0.033285293728113177,"y":0.8958975672721863,"z":-0.4377530515193939,"w":0.06813211739063263},"size":31.826467514038087,"orthographic":false}