{"cameraMode":{"drawMode":0,"name":"Shaded","section":"Shading Mode"},"sceneLighting":false,"audioPlay":false,"sceneViewState":{"m_AlwaysRefresh":false,"showFog":true,"showSkybox":false,"showFlares":true,"showImageEffects":true,"showParticleSystems":true,"showVisualEffectGraphs":true,"m_FxEnabled":true},"in2DMode":false,"pivot":{"x":5.960464477539063e-8,"y":1.2589999437332154,"z":-1.1920928955078126e-7},"rotation":{"x":0.0003758787934202701,"y":0.9081303477287293,"z":-0.4186879098415375,"w":0.0008159472490660846},"size":0.7085649371147156,"orthographic":false}