{"cameraMode":{"drawMode":0,"name":"Shaded","section":"Shading Mode"},"sceneLighting":false,"audioPlay":false,"sceneViewState":{"m_AlwaysRefresh":false,"showFog":true,"showSkybox":false,"showFlares":true,"showImageEffects":true,"showParticleSystems":true,"showVisualEffectGraphs":true,"m_FxEnabled":true},"in2DMode":false,"pivot":{"x":2.3599960803985597,"y":1.5436664819717408,"z":-8.369999885559082},"rotation":{"x":0.06390887498855591,"y":0.8606597185134888,"z":-0.11164532601833344,"w":0.49266451597213747},"size":2.2543671131134035,"orthographic":false}