{"cameraMode":{"drawMode":0,"name":"Shaded","section":"Shading Mode"},"sceneLighting":true,"audioPlay":false,"sceneViewState":{"m_AlwaysRefresh":false,"showFog":true,"showSkybox":true,"showFlares":true,"showImageEffects":true,"showParticleSystems":true,"showVisualEffectGraphs":true,"m_FxEnabled":true},"in2DMode":false,"pivot":{"x":1.931416392326355,"y":10.58756160736084,"z":-13.719537734985352},"rotation":{"x":0.2209954559803009,"y":-0.09029512852430344,"z":0.020308105275034906,"w":0.9707881808280945},"size":3.9017908573150636,"orthographic":false}